ชื่อผู้ใช้,รหัสสผ่าน,วัน/เดือน/ปี,เวลา
username,88888888,03/04/2021,11:14:16
username,88888888,03/04/2021,11:17:54
username,88888888,03/04/2021,11:19:42
username,88888888,03/04/2021,11:26:27
username,88888888,03/04/2021,11:29:12
username,88888888,03/04/2021,11:31:03
username,88888888,03/04/2021,11:32:32
username,88888888,03/04/2021,11:34:17
username,88888888,03/04/2021,11:36:55
username,88888888,03/04/2021,14:03:40
username,88888888,03/04/2021,14:06:54
username,88888888,03/04/2021,14:08:22
username,88888888,03/04/2021,14:10:38
username,88888888,03/04/2021,15:17:43
username,88888888,03/04/2021,15:24:48
username,88888888,03/04/2021,15:26:05
username,88888888,03/04/2021,15:26:48
username,88888888,03/04/2021,15:33:32
username,88888888,03/04/2021,15:35:04
username,88888888,03/04/2021,15:37:21
username,88888888,03/04/2021,15:38:07
username,88888888,03/04/2021,15:39:41
username,88888888,03/04/2021,15:53:34
username,88888888,03/04/2021,15:55:48
username,88888888,03/04/2021,15:56:42
username,88888888,03/04/2021,16:00:03
username,88888888,03/04/2021,16:02:02
username,88888888,03/04/2021,16:03:57
username,88888888,03/04/2021,16:05:24
username,88888888,03/04/2021,16:06:53
username,88888888,03/04/2021,16:08:30
username,88888888,03/04/2021,16:09:36
username,88888888,03/04/2021,16:12:23
username,88888888,03/04/2021,16:13:06
username,88888888,03/04/2021,16:13:58
username,88888888,03/04/2021,16:15:53
username,88888888,03/04/2021,16:16:45
username,88888888,03/04/2021,16:16:58
username,88888888,03/04/2021,16:18:02
username,88888888,03/04/2021,16:20:34
username,88888888,03/04/2021,16:28:10
username,88888888,03/04/2021,16:30:02
username,88888888,03/04/2021,16:32:52
username,88888888,03/04/2021,16:35:33
username,88888888,03/04/2021,16:41:49
username,88888888,03/04/2021,16:42:19
username,88888888,03/04/2021,16:44:51
username,88888888,03/04/2021,16:47:07
username,88888888,03/04/2021,18:49:19
username,88888888,03/04/2021,18:51:25
username,88888888,03/04/2021,18:51:51
username,88888888,03/04/2021,18:54:40
username,88888888,03/04/2021,18:55:02
username,88888888,03/04/2021,18:56:56
username,88888888,03/04/2021,19:00:02
username,88888888,03/04/2021,19:01:26
username,88888888,03/04/2021,19:02:25
username,88888888,03/04/2021,19:02:52
username,88888888,03/04/2021,19:10:45
username,88888888,03/04/2021,19:35:04
username,88888888,03/04/2021,19:35:59
username,88888888,03/04/2021,20:21:55
username,88888888,03/04/2021,20:34:43
username,88888888,03/04/2021,20:35:24
username,88888888,03/04/2021,20:38:02
username,88888888,03/04/2021,20:46:14
username,88888888,03/04/2021,20:51:20
username,88888888,03/04/2021,20:52:19
username,88888888,03/04/2021,20:53:08
username,88888888,03/04/2021,20:55:06
username,88888888,03/04/2021,21:03:06
username,88888888,03/04/2021,21:07:06
username,88888888,03/04/2021,21:12:08
username,88888888,03/04/2021,21:17:09
username,88888888,03/04/2021,21:20:27
username,88888888,03/04/2021,21:21:52
username,88888888,03/04/2021,21:23:02
username,88888888,03/04/2021,21:29:47
username,88888888,03/04/2021,21:39:40
username,88888888,03/04/2021,22:58:11
username,88888888,03/04/2021,23:01:11
username,88888888,03/04/2021,23:01:25
username,88888888,03/04/2021,23:02:02
username,88888888,03/04/2021,23:03:26
username,88888888,03/04/2021,23:04:20
username,88888888,03/04/2021,23:04:42
username,88888888,03/04/2021,23:06:02
username,88888888,03/04/2021,23:06:25
username,88888888,03/04/2021,23:07:18
username,88888888,03/04/2021,23:07:41
username,88888888,03/04/2021,23:07:49
username,88888888,03/04/2021,23:08:16
username,88888888,03/04/2021,23:08:58
username,88888888,03/04/2021,23:09:54
username,88888888,03/04/2021,23:10:16
username,88888888,03/04/2021,23:10:32
username,88888888,03/04/2021,23:10:54
username,88888888,03/04/2021,23:11:15
username,88888888,03/04/2021,23:11:24
username,88888888,03/04/2021,23:12:06
username,88888888,03/04/2021,23:12:36
username,88888888,03/04/2021,23:12:44
username,88888888,03/04/2021,23:12:51
username,88888888,03/04/2021,23:13:21
username,88888888,03/04/2021,23:14:03
username,88888888,03/04/2021,23:14:27
username,88888888,03/04/2021,23:14:40
username,88888888,03/04/2021,23:14:55
username,88888888,03/04/2021,23:15:15
username,88888888,03/04/2021,23:15:51
username,88888888,03/04/2021,23:16:39
username,88888888,03/04/2021,23:17:22
username,88888888,03/04/2021,23:18:24
username,88888888,03/04/2021,23:18:39
username,88888888,03/04/2021,23:21:04
username,88888888,03/04/2021,23:42:04
username,88888888,04/04/2021,16:57:10
username,88888888,04/04/2021,16:57:10
username,88888888,04/04/2021,22:41:14
username,88888888,04/04/2021,22:43:00
username,88888888,05/04/2021,11:36:26
username,88888888,05/04/2021,11:37:14
username,88888888,05/04/2021,11:38:09
username,88888888,05/04/2021,11:38:09
username,88888888,05/04/2021,11:39:40
